Bloc;NOMS;Prénoms;Email
Bloc3;ADEGNON;Kodjo;kodjo.adegnon@student.vinci.be
Bloc3;ALP;Mustafa;mustafa.alp@student.vinci.be
Bloc3;BATSLÉ;Laurent;laurent.batslé@student.vinci.be
Bloc3;BOGDANOVIC;Stefan;stefan.bogdanovic@student.vinci.be
Bloc3;BOTTEMANNE;Fany;fany.bottemanne@student.vinci.be
Bloc3;BRANCART;Bill;bill.brancart@student.vinci.be
Bloc3;COLET;Antoine;antoine.colet@student.vinci.be
Bloc3;COTTON;Pierric;pierric.cotton@student.vinci.be
Bloc3;DASPREMONT;André;andré.daspremont@student.vinci.be
Bloc3;de BURLET;Marc;marc.de burlet@student.vinci.be
Bloc3;DE LA CRUZ MALLADA;Jimmy;jimmy.de la cruz mallada@student.vinci.be
Bloc3;DE MAUBEUGE;Maxime;maxime.de maubeuge@student.vinci.be
Bloc2;DELHAYE;Gabriel;gabriel.delhaye@student.vinci.be
Bloc3;DESCANTONS de MONTBLANC;Mathieu;mathieu.descantons de montblanc@student.vinci.be
Bloc3;DI VITO;Dylan;dylan.di vito@student.vinci.be
Bloc3;DIMOV;Theodor;theodor.dimov@student.vinci.be
Bloc3;DOLEGA;Patrycjusz;patrycjusz.dolega@student.vinci.be
Bloc3;DOS SANTOS;Bastien;bastien.dos santos@student.vinci.be
Bloc3;DRAGOMIR;Philippe;philippe.dragomir@student.vinci.be
Bloc3;DURIEU;Emilien;emilien.durieu@student.vinci.be
Bloc3;DUVILLIER;Romain;romain.duvillier@student.vinci.be
Bloc3;EVRARD;Amaury;amaury.evrard@student.vinci.be
Bloc3;GAILLET;Mike;mike.gaillet@student.vinci.be
Bloc3;GIUGE;Philippe;philippe.giuge@student.vinci.be
Bloc3;GRUMIRO;Fabio;fabio.grumiro@student.vinci.be
Bloc3;HOFFMANN;Xavier;xavier.hoffmann@student.vinci.be
Bloc3;KECH;Damien;damien.kech@student.vinci.be
Bloc3;LEFEBVRE;Aurélien;aurélien.lefebvre@student.vinci.be
Bloc3;LEROY;Gaël;gaël.leroy@student.vinci.be
Bloc3;MADUKA;Junior;junior.maduka@student.vinci.be
Bloc3;MATON;Anthony;anthony.maton@student.vinci.be
Bloc3;MBONYINCUNGU ;Jean-Pacifique;jean-pacifique.mbonyincungu @student.vinci.be
Bloc3;MENDES ROSA;Christian;christian.mendes rosa@student.vinci.be
Bloc3;MOLINGHEN;Yannick;yannick.molinghen@student.vinci.be
Bloc3;MOREL;Florian;florian.morel@student.vinci.be
Bloc3;MOUNIR;Hamza;hamza.mounir@student.vinci.be
Bloc3;NDAGANO;Sam;sam.ndagano@student.vinci.be
Bloc3;NGUYEN;Quoc Dat;quoc dat.nguyen@student.vinci.be
Bloc3;OSTE;Nicolas;nicolas.oste@student.vinci.be
Bloc3;OVAERT;Lionel;lionel.ovaert@student.vinci.be
Bloc3;PESSERS;Ivan;ivan.pessers@student.vinci.be
Bloc3;PIRARD;Delanoe;delanoe.pirard@student.vinci.be
Bloc3;ROCHEZ;Arnaud;arnaud.rochez@student.vinci.be
Bloc3;ROMANOV;Konstantin;konstantin.romanov@student.vinci.be
Bloc3;SCHWEISTHAL;Jean-François;jean-françois.schweisthal@student.vinci.be
Bloc3;SHEVTCHENKO;Philipp;philipp.shevtchenko@student.vinci.be
Bloc3;STEENPUT;Mathieu;mathieu.steenput@student.vinci.be
Bloc3;STEVENS;Loïc;loïc.stevens@student.vinci.be
Bloc3;STRAUVEN;Mélissa;mélissa.strauven@student.vinci.be
Bloc3;SYEMONS;Damien;damien.syemons@student.vinci.be
Bloc3;TECHY;Martin;martin.techy@student.vinci.be
Bloc3;TRUONG;Vinh Kien;vinh kien.truong@student.vinci.be
Bloc3;VERLANT;Antoine;antoine.verlant@student.vinci.be
Bloc3;VERWILGHEN;Maxime;maxime.verwilghen@student.vinci.be
Bloc3;VORKAPIC;Milenko;milenko.vorkapic@student.vinci.be
Bloc3;YAKOUB;Jacques;jacques.yakoub@student.vinci.be
Bloc3;YE;Sheng Hao;sheng hao.ye@student.vinci.be
Bloc2;ANDRE;Michaël;michaël.andre@student.vinci.be
Bloc2;ARSZAGI VEL HARSZAGI;Kamil;kamil.arszagi vel harszagi@student.vinci.be
Bloc2;ASLI;Rachid;rachid.asli@student.vinci.be
Bloc2;AYELE;Nathan;nathan.ayele@student.vinci.be
Bloc2;BAKALEM;Abdelhak;abdelhak.bakalem@student.vinci.be
Bloc2;BARCHID;Sami;sami.barchid@student.vinci.be
Bloc2;BASHIR;Ahmad;ahmad.bashir@student.vinci.be
Bloc2;BERGÉ;Benjamin;benjamin.bergé@student.vinci.be
Bloc2;BERTOLINI;Nicolas;nicolas.bertolini@student.vinci.be
Bloc2;BORTIER;Christophe;christophe.bortier@student.vinci.be
Bloc2;BOUVIN;Timothée;timothée.bouvin@student.vinci.be
Bloc2;BURA;Roland;roland.bura@student.vinci.be
Bloc2;BUXANT;Johann;johann.buxant@student.vinci.be
Bloc2;CHRISTODOULOU de GRAILLET;Nicolas;nicolas.christodoulou de graillet@student.vinci.be
Bloc2;CISSÉ;Mamadou;mamadou.cissé@student.vinci.be
Bloc2;COCHART;Jean-François;jean-françois.cochart@student.vinci.be
Bloc2;COSTE-GANDREY;Alexandre;alexandre.coste-gandrey@student.vinci.be
Bloc2;DABROWSKI;Virginia;virginia.dabrowski@student.vinci.be
Bloc2;De Broux;Michel;michel.de broux@student.vinci.be
Bloc2;de VILLENFAGNE de VOGELSANCK;Gaspard;gaspard.de villenfagne de vogelsanck@student.vinci.be
Bloc2;de WOUTERS de BOUCHOUT;Lancelot;lancelot.de wouters de bouchout@student.vinci.be
Bloc2;DECLERCQ;Benjamin;benjamin.declercq@student.vinci.be
Bloc2;DEGRÈVE;Olivier;olivier.degrève@student.vinci.be
Bloc2;DELWART;Valentin;valentin.delwart@student.vinci.be
Bloc2;DENIS;Quentin;quentin.denis@student.vinci.be
Bloc2;DENUIT;Maxime;maxime.denuit@student.vinci.be
Bloc2;DESCAMPS;Romain;romain.descamps@student.vinci.be
Bloc2;DESÉNÉPART;Valentin;valentin.desénépart@student.vinci.be
Bloc2;DRIESSEN;Christophe;christophe.driessen@student.vinci.be
Bloc2;du JARDIN;Clément;clément.du jardin@student.vinci.be
Bloc2;DUBOIS;Corenthin;corenthin.dubois@student.vinci.be
Bloc2;DUTERRE;Adeline;adeline.duterre@student.vinci.be
Bloc2;ETIENNE;Arnaud;arnaud.etienne@student.vinci.be
Bloc2;GAILLET;Pierre-Paul;pierre-paul.gaillet@student.vinci.be
Bloc2;GARCIA AUGUSTO;Marcos;marcos.garcia augusto@student.vinci.be
Bloc2;GILMART;Quentin;quentin.gilmart@student.vinci.be
Bloc2;GRIMMONPRÉ;Romain;romain.grimmonpré@student.vinci.be
Bloc2;HABA;Gabriel;gabriel.haba@student.vinci.be
Bloc2;HARDI;Alexandre;alexandre.hardi@student.vinci.be
Bloc2;HEYLBROECK;Kevin;kevin.heylbroeck@student.vinci.be
Bloc2;HUBERT;Frédéric;frédéric.hubert@student.vinci.be
Bloc2;JACOBY;Félix;félix.jacoby@student.vinci.be
Bloc2;LA;Johnny;johnny.la@student.vinci.be
Bloc2;LALLEMAND;Gauthier;gauthier.lallemand@student.vinci.be
Bloc2;LAMBRICHT;Antoine;antoine.lambricht@student.vinci.be
Bloc2;LAMRINI;Zakaria;zakaria.lamrini@student.vinci.be
Bloc2;MANIET;Alexandre;alexandre.maniet@student.vinci.be
Bloc2;MANIET;Antoine;antoine.maniet@student.vinci.be
Bloc2;MARLARD;Mickaël;mickaël.marlard@student.vinci.be
Bloc2;MAZUR;Patrick;patrick.mazur@student.vinci.be
Bloc2;MEUR;Damien;damien.meur@student.vinci.be
Bloc2;MOURADE;Ibrahim;ibrahim.mourade@student.vinci.be
Bloc2;MZOUGHI;Meriam;meriam.mzoughi@student.vinci.be
Bloc2;NGUYEN;Dat Toan;dat toan.nguyen@student.vinci.be
Bloc2;NGUYEN;Tran;tran.nguyen@student.vinci.be
Bloc2;NUEZ SORIANO;Diego;diego.nuez soriano@student.vinci.be
Bloc2;OLDENHOVE de GUERTECHIN;Simon;simon.oldenhove de guertechin@student.vinci.be
Bloc2;PIERRE;Anthony;anthony.pierre@student.vinci.be
Bloc2;PIERRE;Benjamin;benjamin.pierre@student.vinci.be
Bloc2;PIRLET;Maxime;maxime.pirlet@student.vinci.be
Bloc2;PLACE;Sébastien;sébastien.place@student.vinci.be
Bloc2;PYCK;Anthony;anthony.pyck@student.vinci.be
Bloc2;RENSON;Gilles;gilles.renson@student.vinci.be
Bloc2;RICHE;Antonin;antonin.riche@student.vinci.be
Bloc2;RONSMANS;Thomas;thomas.ronsmans@student.vinci.be
Bloc2;RWIBUTSO;Jean-Bosco;jean-bosco.rwibutso@student.vinci.be
Bloc2;SACRÉ;Christopher;christopher.sacré@student.vinci.be
Bloc2;SKUBISZEWSKI;Roman;roman.skubiszewski@student.vinci.be
Bloc2;SNOECK;Tanguy;tanguy.snoeck@student.vinci.be
Bloc2;SOLINAS;Julien;julien.solinas@student.vinci.be
Bloc2;SOUSA DOS SANTOS;Alexandre;alexandre.sousa dos santos@student.vinci.be
Bloc2;TASYÜREK;Emre;emre.tasyürek@student.vinci.be
Bloc2;TAVERNIER;Cedric;cedric.tavernier@student.vinci.be
Bloc2;TINSIA;Debrah;debrah.tinsia@student.vinci.be
Bloc2;TIRCHER;Kyrill;kyrill.tircher@student.vinci.be
Bloc2;van GELDER;Thomas;thomas.van gelder@student.vinci.be
Bloc2;VAN GRUNDERBEECK;Amandine;amandine.van grunderbeeck@student.vinci.be
Bloc2;VAN LITHAUT;Romain;romain.van lithaut@student.vinci.be
Bloc2;VANCAMPENHAULT;Anthony;anthony.vancampenhault@student.vinci.be
Bloc2;VANMOORTEL;Nolan;nolan.vanmoortel@student.vinci.be
Bloc2;WATHELET;Jolan;jolan.wathelet@student.vinci.be
Bloc2;WORONKO;Robert;robert.woronko@student.vinci.be
Bloc1;ABDOULAHI ADAMOU;Ismaila;ismaila.abdoulahi adamou@student.vinci.be
Bloc1;AFSAR;Viken;viken.afsar@student.vinci.be
Bloc1;AMINI;Shayan;shayan.amini@student.vinci.be
Bloc1;AMORY;Marco;marco.amory@student.vinci.be
Bloc1;ANDERSSON;Thibault;thibault.andersson@student.vinci.be
Bloc1;ANGAMAN;Ange Cedrick;ange cedrick.angaman@student.vinci.be
Bloc1;ASLAN;Bunyamin;bunyamin.aslan@student.vinci.be
Bloc1;ASSECOUM;Yassin;yassin.assecoum@student.vinci.be
Bloc1;ASTITOU;Youssef;youssef.astitou@student.vinci.be
Bloc1;Avram;Iulian;iulian.avram@student.vinci.be
Bloc1;BACHA;Samir;samir.bacha@student.vinci.be
Bloc1;BALCINHAS GODINHO;Jérémy;jérémy.balcinhas godinho@student.vinci.be
Bloc1;BALLECER;Mac Blair;mac blair.ballecer@student.vinci.be
Bloc1;BARRANI;Ilias;ilias.barrani@student.vinci.be
Bloc1;BASHIR;Tahir;tahir.bashir@student.vinci.be
Bloc1;BAUDUIN;Logan;logan.bauduin@student.vinci.be
Bloc1;BELHASSNAOUI;Youness;youness.belhassnaoui@student.vinci.be
Bloc1;BEN GELOUNE;Driss;driss.ben geloune@student.vinci.be
Bloc1;BENAZZOUZ;Khalil;khalil.benazzouz@student.vinci.be
Bloc1;BENNAGHMOUCH;Yahya;yahya.bennaghmouch@student.vinci.be
Bloc1;BIKORIMANA;Patrick;patrick.bikorimana@student.vinci.be
Bloc1;BOON;Thomas;thomas.boon@student.vinci.be
Bloc1;BOSSIN;Morgan;morgan.bossin@student.vinci.be
Bloc1;Bouchbouk;Salim;salim.bouchbouk@student.vinci.be
Bloc1;BOUJTAT;Nawfal;nawfal.boujtat@student.vinci.be
Bloc1;BOULBAN YOUSRANI;Sohaib;sohaib.boulban yousrani@student.vinci.be
Bloc1;BOUREZ;Logan;logan.bourez@student.vinci.be
Bloc1;BOUREZ;Arnaud;arnaud.bourez@student.vinci.be
Bloc1;BUELINCKX;Alan;alan.buelinckx@student.vinci.be
Bloc1;BUI;Tuan;tuan.bui@student.vinci.be
Bloc1;CAMUS;Samuel;samuel.camus@student.vinci.be
Bloc1;CARCANI;Liseta;liseta.carcani@student.vinci.be
Bloc1;CASTEL;Christopher;christopher.castel@student.vinci.be
Bloc1;CAUCHI;Rocco;rocco.cauchi@student.vinci.be
Bloc1;Chairi Bounekoub;Mohammed;mohammed.chairi bounekoub@student.vinci.be
Bloc1;CHAKHABOV;Chamil;chamil.chakhabov@student.vinci.be
Bloc1;CHAPELLE;Nicolas;nicolas.chapelle@student.vinci.be
Bloc1;CHELAGHMI;Soufiane;soufiane.chelaghmi@student.vinci.be
Bloc1;CHEN;Yiwei;yiwei.chen@student.vinci.be
Bloc1;CONNEELY MCINERNEY;Tom;tom.conneely mcinerney@student.vinci.be
Bloc1;CROONEN;Sébastien;sébastien.croonen@student.vinci.be
Bloc1;CURATOLO;Gabriel;gabriel.curatolo@student.vinci.be
Bloc1;DHOEDT ;Martin;martin.dhoedt @student.vinci.be
Bloc1;DAGYARAN;Kadir;kadir.dagyaran@student.vinci.be
Bloc1;DE BOECK;Arnaud;arnaud.de boeck@student.vinci.be
Bloc1;De Bosscher;Benjamin;benjamin.de bosscher@student.vinci.be
Bloc1;de Mathelin de Papigny;Hugues;hugues.de mathelin de papigny@student.vinci.be
Bloc1;de MEEÛS d'ARGENTEUIL;Augustin;augustin.de meeûs d'argenteuil@student.vinci.be
Bloc1;DE ROOSE;Antoine;antoine.de roose@student.vinci.be
Bloc1;De Smedt;Andy;andy.de smedt@student.vinci.be
Bloc1;Debiesme;Nestor;nestor.debiesme@student.vinci.be
Bloc1;DEBORSU;Jérôme;jérôme.deborsu@student.vinci.be
Bloc1;DEBROUX;Antoine;antoine.debroux@student.vinci.be
Bloc1;DECRAEMER;Grégory;grégory.decraemer@student.vinci.be
Bloc1;Defossé;Loïc;loïc.defossé@student.vinci.be
Bloc1;DELANNOY;Nicolas;nicolas.delannoy@student.vinci.be
Bloc1;DELLAVALLE MORINIGO;Adrian;adrian.dellavalle morinigo@student.vinci.be
Bloc1;DESCAMPS;Léo;léo.descamps@student.vinci.be
Bloc1;DESSY;Bastien;bastien.dessy@student.vinci.be
Bloc1;DEVALERIOLA;Thibault;thibault.devaleriola@student.vinci.be
Bloc1;Diaz Alvarez;Brian;brian.diaz alvarez@student.vinci.be
Bloc1;DONCK;Romain;romain.donck@student.vinci.be
Bloc1;DOYEN;Julien;julien.doyen@student.vinci.be
Bloc1;DUBUISSON;Jean;jean.dubuisson@student.vinci.be
Bloc1;ECHAGDALI ZAHRI;Othmane;othmane.echagdali zahri@student.vinci.be
Bloc1;EL ASRI;Hicham;hicham.el asri@student.vinci.be
Bloc1;El F'Kih Ben Ahmed;Ismaël;ismaël.el f'kih ben ahmed@student.vinci.be
Bloc1;EL HADOUCHI;Yassine;yassine.el hadouchi@student.vinci.be
Bloc1;EL KHATTABI;Mohammed;mohammed.el khattabi@student.vinci.be
Bloc1;EL MOKADEM;Zineb;zineb.el mokadem@student.vinci.be
Bloc1;Erraide;Younes;younes.erraide@student.vinci.be
Bloc1;FAHMI;Majd;majd.fahmi@student.vinci.be
Bloc1;FAIZI;Risaci-Deogratias;risaci-deogratias.faizi@student.vinci.be
Bloc1;FARHAT;Sami;sami.farhat@student.vinci.be
Bloc1;Fetahi;Albinot;albinot.fetahi@student.vinci.be
Bloc1;FOUQUET;Paul-Edouard;paul-edouard.fouquet@student.vinci.be
Bloc1;FRANCHOMME;Vincent;vincent.franchomme@student.vinci.be
Bloc1;FRENNET;Geoffroy;geoffroy.frennet@student.vinci.be
Bloc1;GAJDA;Adrian;adrian.gajda@student.vinci.be
Bloc1;GASIA;Nicolas;nicolas.gasia@student.vinci.be
Bloc1;GAZA;Lopodi;lopodi.gaza@student.vinci.be
Bloc1;GODAZENDEH;Ali;ali.godazendeh@student.vinci.be
Bloc1;GONZALEZ MORAN;Sebastian;sebastian.gonzalez moran@student.vinci.be
Bloc1;Grama;Diana;diana.grama@student.vinci.be
Bloc1;GRANDHENRY;Gauthier;gauthier.grandhenry@student.vinci.be
Bloc1;GREIF;Lukas;lukas.greif@student.vinci.be
Bloc1;GRUSELIN;Dorian;dorian.gruselin@student.vinci.be
Bloc1;GUERROUAJ;Hamza;hamza.guerrouaj@student.vinci.be
Bloc1;GUILMOT;Simon;simon.guilmot@student.vinci.be
Bloc1;HAIDOUR;Soufiane;soufiane.haidour@student.vinci.be
Bloc1;HAMA;Kei-Jyu;kei-jyu.hama@student.vinci.be
Bloc1;HAMMANI;Anas;anas.hammani@student.vinci.be
Bloc1;HASSOUNI;Mohamed;mohamed.hassouni@student.vinci.be
Bloc1;HENNEN;Cyril;cyril.hennen@student.vinci.be
Bloc1;Holodiline;Jeremy;jeremy.holodiline@student.vinci.be
Bloc1;HONOREZ;Romaric;romaric.honorez@student.vinci.be
Bloc1;HOURANT;Cyrille;cyrille.hourant@student.vinci.be
Bloc1;IBNLFASSI;Mehdi;mehdi.ibnlfassi@student.vinci.be
Bloc1;IMRAN;Said;said.imran@student.vinci.be
Bloc1;Jabbour;Christophe;christophe.jabbour@student.vinci.be
Bloc1;JACOB;Loury;loury.jacob@student.vinci.be
Bloc1;JAFAR;Ilias;ilias.jafar@student.vinci.be
Bloc1;JALBRZYKOWSKI;Pawel;pawel.jalbrzykowski@student.vinci.be
Bloc1;JANSSENS;Thibaut;thibaut.janssens@student.vinci.be
Bloc1;JLASSI;Adnan;adnan.jlassi@student.vinci.be
Bloc1;KABANZA;Egide;egide.kabanza@student.vinci.be
Bloc1;KAMEGNESON WABO;Rubain;rubain.kamegneson wabo@student.vinci.be
Bloc1;KASTRATI;Burim;burim.kastrati@student.vinci.be
Bloc1;KH' LEEH;Bouchra;bouchra.kh' leeh@student.vinci.be
Bloc1;KIFOUMBI ;Gaël;gaël.kifoumbi @student.vinci.be
Bloc1;KOWALCZYK;Kamil;kamil.kowalczyk@student.vinci.be
Bloc1;KURTI;Dejvi;dejvi.kurti@student.vinci.be
Bloc1;KUTZNER;Martin;martin.kutzner@student.vinci.be
Bloc1;KWIBUKA;Sandra;sandra.kwibuka@student.vinci.be
Bloc1;LACHKAR;Otman;otman.lachkar@student.vinci.be
Bloc1;LAHRICHI;Badreddine;badreddine.lahrichi@student.vinci.be
Bloc1;LAPAGE;Lorenzo;lorenzo.lapage@student.vinci.be
Bloc1;LARBI;Youssef;youssef.larbi@student.vinci.be
Bloc1;LAURICELLA;Lorenzo;lorenzo.lauricella@student.vinci.be
Bloc1;LECOQ;Nicolas;nicolas.lecoq@student.vinci.be
Bloc1;LEFEBVRE;Robin;robin.lefebvre@student.vinci.be
Bloc1;LION;Guillaume;guillaume.lion@student.vinci.be
Bloc1;LION;Thomas;thomas.lion@student.vinci.be
Bloc1;Lolic;Filip;filip.lolic@student.vinci.be
Bloc1;LORPHELIN;Nicolas;nicolas.lorphelin@student.vinci.be
Bloc1;LOUIS;Robin;robin.louis@student.vinci.be
Bloc1;MABROUK;Rachid;rachid.mabrouk@student.vinci.be
Bloc1;MAFFO MELEU;Joelle;joelle.maffo meleu@student.vinci.be
Bloc1;MAHMOUDI;Hamza;hamza.mahmoudi@student.vinci.be
Bloc1;Malmport;Lucas;lucas.malmport@student.vinci.be
Bloc1;MANGUIN;Yannis;yannis.manguin@student.vinci.be
Bloc1;Mansour;Azeddine;azeddine.mansour@student.vinci.be
Bloc1;MARCQ;Mathieu;mathieu.marcq@student.vinci.be
Bloc1;Marcq;Nicolas;nicolas.marcq@student.vinci.be
Bloc1;MARICAU;Sacha;sacha.maricau@student.vinci.be
Bloc1;Marin;Max;max.marin@student.vinci.be
Bloc1;Maroun;Alexandre;alexandre.maroun@student.vinci.be
Bloc1;MARTIN;Cedric;cedric.martin@student.vinci.be
Bloc1;MEGANCK;Marc;marc.meganck@student.vinci.be
Bloc1;MERO VALLAS;Kevin;kevin.mero vallas@student.vinci.be
Bloc1;MICHIELS;Pierre;pierre.michiels@student.vinci.be
Bloc1;MISSON;Malo;malo.misson@student.vinci.be
Bloc1;Mouffo;Xavier;xavier.mouffo@student.vinci.be
Bloc1;MOULILA;Younes;younes.moulila@student.vinci.be
Bloc1;MOZZON;Arturo;arturo.mozzon@student.vinci.be
Bloc1;MUHAMMAD;Zohaib;zohaib.muhammad@student.vinci.be
Bloc1;NOORZAAI;Ikram;ikram.noorzaai@student.vinci.be
Bloc1;NOULA FONKOU;Yvette Roseline;yvette roseline.noula fonkou@student.vinci.be
Bloc1;OCCHILUPO;Andrea;andrea.occhilupo@student.vinci.be
Bloc1;OMAR;Djama;djama.omar@student.vinci.be
Bloc1;OULJI;Zakaria;zakaria.oulji@student.vinci.be
Bloc1;OUMGHAR;kawtar;kawtar.oumghar@student.vinci.be
Bloc1;Öztürk;Ekrem;ekrem.öztürk@student.vinci.be
Bloc1;PALIGOT;Sophie;sophie.paligot@student.vinci.be
Bloc1;PAUWELS;Sébastien;sébastien.pauwels@student.vinci.be
Bloc1;Pecheur;François;françois.pecheur@student.vinci.be
Bloc1;PERONI;Emanuel;emanuel.peroni@student.vinci.be
Bloc1;Pierrot;Victor;victor.pierrot@student.vinci.be
Bloc1;PLUTON;Joris;joris.pluton@student.vinci.be
Bloc1;Pochet;François;françois.pochet@student.vinci.be
Bloc1;POELAERT;Maxime;maxime.poelaert@student.vinci.be
Bloc1;POYRAZ;Hakan;hakan.poyraz@student.vinci.be
Bloc1;RAMELOT;Antoine;antoine.ramelot@student.vinci.be
Bloc1;RIFAUT;Alexis;alexis.rifaut@student.vinci.be
Bloc1;RIGA;Sébastien;sébastien.riga@student.vinci.be
Bloc1;Rocha Azevedo;Dani;dani.rocha azevedo@student.vinci.be
Bloc1;SADEQUE;Shahadat;shahadat.sadeque@student.vinci.be
Bloc1;SAKO;Jozef;jozef.sako@student.vinci.be
Bloc1;SEEGER;Brieuc;brieuc.seeger@student.vinci.be
Bloc1;SERRÉ;Sébastien;sébastien.serré@student.vinci.be
Bloc1;SOLLAMI;Florian;florian.sollami@student.vinci.be
Bloc1;SPEICHER;Arthur;arthur.speicher@student.vinci.be
Bloc1;STEUTGENS;Johnny;johnny.steutgens@student.vinci.be
Bloc1;SZACUN;Damian;damian.szacun@student.vinci.be
Bloc1;Tang;Kevin;kevin.tang@student.vinci.be
Bloc1;Tararuj;Dawid;dawid.tararuj@student.vinci.be
Bloc1;TEICHMANN;Fabian;fabian.teichmann@student.vinci.be
Bloc1;TERRYN;Arnaud;arnaud.terryn@student.vinci.be
Bloc1;TIMMERMANS;Florian;florian.timmermans@student.vinci.be
Bloc1;TOP;Halil;halil.top@student.vinci.be
Bloc1;Tremerie;Nicolas;nicolas.tremerie@student.vinci.be
Bloc1;Trykozko;Tomasz;tomasz.trykozko@student.vinci.be
Bloc1;Umanyan;Artjam;artjam.umanyan@student.vinci.be
Bloc1;UMUGABE;Amatus;amatus.umugabe@student.vinci.be
Bloc1;URBACH;Ralph;ralph.urbach@student.vinci.be
Bloc1;VAN AKEN;Louis;louis.van aken@student.vinci.be
Bloc1;VAN DEN BRANDE;Colin;colin.van den brande@student.vinci.be
Bloc1;Van der Schueren;Wim;wim.van der schueren@student.vinci.be
Bloc1;van GELDER;Nicolas;nicolas.van gelder@student.vinci.be
Bloc1;VAN ROSSEM;Vincent;vincent.van rossem@student.vinci.be
Bloc1;VANDENHEEDE;Driss;driss.vandenheede@student.vinci.be
Bloc1;VANDER MOTTE;Jérémy;jérémy.vander motte@student.vinci.be
Bloc1;VASSART;Guy;guy.vassart@student.vinci.be
Bloc1;VERDONCK;Florian;florian.verdonck@student.vinci.be
Bloc1;Verelst;Thomas;thomas.verelst@student.vinci.be
Bloc1;Visiedo Gil;Jonathan;jonathan.visiedo gil@student.vinci.be
Bloc1;VOITURIER;Andy;andy.voiturier@student.vinci.be
Bloc1;VRANKEN;Joachim;joachim.vranken@student.vinci.be
Bloc1;WERY;Guillaume;guillaume.wery@student.vinci.be
Bloc1;WETS;Julien;julien.wets@student.vinci.be
Bloc1;WEYNAND;Romain;romain.weynand@student.vinci.be
Bloc1;WILLEMS;Loic;loic.willems@student.vinci.be
Bloc1;XHAKOLLARI;Klevis;klevis.xhakollari@student.vinci.be
Bloc1;YARAMIS;Gorgis;gorgis.yaramis@student.vinci.be
Bloc1;Yüksel;Tarik;tarik.yüksel@student.vinci.be
Bloc1;WACQUIER;Alexandre;alexandre.wacquier@student.vinci.be
Bloc1;POULLET;Arnaud;arnaud.poullet@student.vinci.be
Bloc1;TELLIHI;Ilias;ilias.tellihi@student.vinci.be
Bloc1;YARAMIS;Gorgis;gorgis.yaramis@student.vinci.be
